단지명,단지코드,시도,시군구,읍면동,구주소,신주소,x,y
장은하이빌아파트,A10021254,서울특별시,노원구,월계동,서울 노원구 월계동 931,서울 노원구 석계로13길 6-9,127.06178766744681,37.620640611509884
세양청마루,A10024636,서울특별시,노원구,월계동,서울 노원구 월계동 943,서울 노원구 석계로13길 35,127.06066407610798,37.620724085341976
월계우남아파트,A10024812,서울특별시,노원구,월계동,서울 노원구 월계동 930,서울 노원구 화랑로 355,127.06711171117817,37.61588409163694
월계센트럴아이파크아파트,A10025097,서울특별시,노원구,월계동,서울 노원구 월계동 951,서울 노원구 초안산로2라길 26,127.05719832521825,37.63008887123446
녹천역두산위브아파트,A10027121,서울특별시,노원구,월계동,서울 노원구 월계동 950,서울 노원구 마들로5길 25,127.05276946377072,37.64060363176505
꿈의숲 SK뷰 아파트,A10027716,서울특별시,노원구,월계동,서울 노원구 월계동 949,서울 노원구 월계로42길 97,127.05400126682399,37.62210042741164
월계풍림아이원,A13905003,서울특별시,노원구,월계동,서울 노원구 월계동 944,서울 노원구 화랑로47길 38,127.06675897580811,37.61661229016541
월계한일1차,A13905101,서울특별시,노원구,월계동,서울 노원구 월계동 926,서울 노원구 석계로15길 25,127.06163682015217,37.621775934583226
월계대동,A13905102,서울특별시,노원구,월계동,서울 노원구 월계동 925,서울 노원구 광운로 46,127.06043384981308,37.62177295286295
월계동현대,A13905105,서울특별시,노원구,월계동,서울 노원구 월계동 929,서울 노원구 석계로 49,127.06274552257355,37.61878497245975
월계흥화브라운빌,A13905202,서울특별시,노원구,월계동,서울 노원구 월계동 939,서울 노원구 우이천로2나길 14,127.04396510082675,37.63161180463315
월계6-1초안,A13905204,서울특별시,노원구,월계동,,,,
월계6-2초안,A13905208,서울특별시,노원구,월계동,,,,
월계서광,A13905301,서울특별시,노원구,월계동,서울 노원구 월계동 922,서울 노원구 마들로1길 44,127.0649116195051,37.6231400752373
성원(사슴4),A13905302,서울특별시,노원구,월계동,,,,
월계삼호4차,A13984003,서울특별시,노원구,월계동,서울 노원구 월계동 12,서울 노원구 마들로 127,127.06415784234937,37.62652099026391
월계그랑빌,A13984004,서울특별시,노원구,월계동,서울 노원구 월계동 18,서울 노원구 마들로 31,127.06856779530985,37.61780416116174
월계시영고층,A13984005,서울특별시,노원구,월계동,서울 노원구 월계동 13,서울 노원구 마들로 111,127.066312368209,37.6238817097199
월계사슴2단지,A13984409,서울특별시,노원구,월계동,서울 노원구 월계동 320-9,서울 노원구 월계로55길 16,127.060845973169,37.6326530544351
월계사슴3단지,A13984411,서울특별시,노원구,월계동,서울 노원구 월계동 320-11,서울 노원구 월계로55길 15,127.05968514284014,37.63173103792022
월계삼창,A13984603,서울특별시,노원구,월계동,서울 노원구 월계동 448-3,서울 노원구 광운로2나길 50,127.059905755247,37.618652201071
월계동신,A13984604,서울특별시,노원구,월계동,서울 노원구 월계동 436,서울 노원구 광운로2나길 30,127.06186917739406,37.6164843118373
월계주공1단지,A13984813,서울특별시,노원구,월계동,서울 노원구 월계동 600,서울 노원구 월계로49길 5,127.05404053857335,37.62784239896338
월계주공2단지,A13984814,서울특별시,노원구,월계동,서울 노원구 월계동 556,서울 노원구 초안산로1길 18,127.0523543046775,37.62862701737198
월계대우아파트,A13985103,서울특별시,노원구,월계동,서울 노원구 월계동 775,서울 노원구 초안산로5길 22,127.05135261146722,37.633187347741604
월계청백3단지,A13985105,서울특별시,노원구,월계동,서울 노원구 월계동 780,서울 노원구 월계로45가길 89,127.050758115475,37.6319370367632
월계청백1단지,A13985106,서울특별시,노원구,월계동,서울 노원구 월계동 774,서울 노원구 초안산로 89,127.051694202437,37.6356667105723
월계청백4단지,A13985107,서울특별시,노원구,월계동,서울 노원구 월계동 781,서울 노원구 월계로45가길 94,127.051048266506,37.6321279205831
월계극동,A13985201,서울특별시,노원구,월계동,서울 노원구 월계동 803-1,서울 노원구 덕릉로60길 266,127.0459078628393,37.62954240071155
성북역신도브래뉴,A13987501,서울특별시,노원구,월계동,서울 노원구 월계동 941,서울 노원구 광운로19길 38,127.05892159885975,37.62315042621144
월계역신도브래뉴,A13987502,서울특별시,노원구,월계동,서울 노원구 월계동 942,서울 노원구 광운로 132,127.05867813891963,37.629020475968254
월계2차한일,A13987503,서울특별시,노원구,월계동,서울 노원구 월계동 927,서울 노원구 석계로13길 6-10,127.06200563166989,37.621220733121994
월계유원,A13991015,서울특별시,노원구,월계동,서울 노원구 월계동 880,서울 노원구 덕릉로60길 252,127.04520103937722,37.629672415617065
월계동원베네스트,A13991016,서울특별시,노원구,월계동,서울 노원구 월계동 940,서울 노원구 월계로53길 21,127.058598115738,37.6324271438177
월계초안산쌍용,A13991017,서울특별시,노원구,월계동,,,,
롯데캐슬루나,A13991018,서울특별시,노원구,월계동,서울 노원구 월계동 947,서울 노원구 월계로45길 21,127.04979354457613,37.62612428418169
월계사슴1단지,A13995602,서울특별시,노원구,월계동,서울 노원구 월계동 321,서울 노원구 월계로 372,127.06050653606896,37.630393556420294
태릉입구역 이니티움,A10021097,서울특별시,노원구,공릉동,서울 노원구 공릉동 684-41,,127.073818576675,37.6174874495377
서울공릉행복주택,A10022152,서울특별시,노원구,공릉동,서울 노원구 공릉동 428-7,서울 노원구 공릉로51길 20,127.07571549397903,37.62835035033591
한일휴니스빌,A10023478,서울특별시,노원구,공릉동,서울 노원구 공릉동 683-14,서울 노원구 화랑로 421,127.07433284578312,37.61752316623349
청년주택 와이엔타워,A10023990,서울특별시,노원구,공릉동,,,,
태릉해링턴플레이스,A10023991,서울특별시,노원구,공릉동,서울 노원구 공릉동 758,서울 노원구 공릉로34길 86,127.083452440108,37.62602328995329
공릉2차신도브래뉴아파트,A10026289,서울특별시,노원구,공릉동,서울 노원구 공릉동 749,서울 노원구 동일로193길 7,127.0719190474086,37.62568039941142
노원프레미어스엠코,A10027622,서울특별시,노원구,공릉동,서울 노원구 공릉동 670-3,서울 노원구 동일로 986,127.07591249336673,37.61821231734908
공릉한보아파트,A13924003,서울특별시,노원구,공릉동,서울 노원구 공릉동 743,서울 노원구 공릉로46길 19,127.08030887082565,37.628089631330475
삼익포레스트아파트,A13924004,서울특별시,노원구,공릉동,서울 노원구 공릉동 737,서울 노원구 공릉로46길 32,127.08203160088517,37.62677661004946
공릉동부,A13924205,서울특별시,노원구,공릉동,서울 노원구 공릉동 705,서울 노원구 공릉로 206,127.0786186687269,37.628076353823815
공릉현대,A13974401,서울특별시,노원구,공릉동,서울 노원구 공릉동 441-145,서울 노원구 동일로192길 83,127.07723601684054,37.62750153668662
청솔아파트8,A13980004,서울특별시,노원구,공릉동,서울 노원구 공릉동 91,서울 노원구 노원로1가길 10,127.08601280040153,37.62327073868931
공릉청솔9단지,A13980006,서울특별시,노원구,공릉동,서울 노원구 공릉동 90,서울 노원구 노원로1길 21,127.0851498229982,37.62144776658948
공릉태릉우성,A13980009,서울특별시,노원구,공릉동,서울 노원구 공릉동 254,서울 노원구 노원로 29,127.08479993938444,37.62455462190694
공릉화랑타운,A13980010,서울특별시,노원구,공릉동,서울 노원구 공릉동 111,서울 노원구 화랑로51길 17,127.08921661082368,37.62357469542307
공릉우방4단지,A13980012,서울특별시,노원구,공릉동,,,,
공릉해링턴플레이스(구.효성화운트빌),A13980014,서울특별시,노원구,공릉동,,,,
공릉2-6,A13980017,서울특별시,노원구,공릉동,,,,
공릉비선,A13980018,서울특별시,노원구,공릉동,서울 노원구 공릉동 109,서울 노원구 화랑로51길 78,127.087189150226,37.6256764111332
공릉태강,A13980019,서울특별시,노원구,공릉동,서울 노원구 공릉동 81,서울 노원구 공릉로34길 62,127.083796671226,37.6228704930487
공릉신원,A13980102,서울특별시,노원구,공릉동,서울 노원구 공릉동 370-4,서울 노원구 동일로192나길 26,127.07509296994675,37.62775789915253
공릉대동2차,A13980105,서울특별시,노원구,공릉동,서울 노원구 공릉동 380-1,서울 노원구 동일로195길 39,127.07015732691475,37.626650921662524
공릉신도1차,A13980107,서울특별시,노원구,공릉동,서울 노원구 공릉동 748,서울 노원구 동일로191가길 59,127.06998597760035,37.62754480203334
공릉우성,A13980108,서울특별시,노원구,공릉동,서울 노원구 공릉동 738,서울 노원구 동일로198길 24,127.07272162045322,37.62857297513071
공릉신성미소지움,A13980401,서울특별시,노원구,공릉동,서울 노원구 공릉동 756,서울 노원구 공릉로42길 13-14,127.08103501910634,37.62496090961401
공릉건영장미,A13980402,서울특별시,노원구,공릉동,서울 노원구 공릉동 744,서울 노원구 공릉로51길 14-17,127.07537085756634,37.629220923671966
공릉삼익2차,A13980403,서울특별시,노원구,공릉동,서울 노원구 공릉동 754,서울 노원구 공릉로34길 118,127.08062381401028,37.626006335862655
효성아파트,A13980407,서울특별시,노원구,공릉동,서울 노원구 공릉동 742,서울 노원구 화랑로 556,127.0886134202191,37.621194741958504
공릉동신,A13980411,서울특별시,노원구,공릉동,서울 노원구 공릉동 745,서울 노원구 공릉로 213,127.07684239045261,37.62808112791953
화랑해링턴플레이스,A13980413,서울특별시,노원구,공릉동,서울 노원구 공릉동 746,서울 노원구 공릉로34길 45,127.08119703082686,37.6239408811238
공릉두산힐스빌,A13980415,서울특별시,노원구,공릉동,서울 노원구 공릉동 747,서울 노원구 공릉로 126,127.07987980140705,37.62093608698827
공릉삼익4단지,A13980509,서울특별시,노원구,공릉동,서울 노원구 공릉동 714,서울 노원구 동일로198가길 13,127.07192762451872,37.62987899077585
공릉2단지라이프,A13980510,서울특별시,노원구,공릉동,서울 노원구 공릉동 707,서울 노원구 동일로198가길 149,127.06803447096246,37.63041648551156
공릉3단지라이프,A13980511,서울특별시,노원구,공릉동,서울 노원구 공릉동 715,서울 노원구 섬밭로 123,127.06861273855573,37.627268104716244
공릉1단지,A13980512,서울특별시,노원구,공릉동,서울 노원구 공릉동 708,서울 노원구 동일로 1127,127.06971456899828,37.630473167903475
공릉풍림아이원,A13980513,서울특별시,노원구,공릉동,서울 노원구 공릉동 725,서울 노원구 섬밭로 139,127.06681551595857,37.62916481137535
공릉대아2차,A13980604,서울특별시,노원구,공릉동,,,,
공릉대주파크빌,A13980706,서울특별시,노원구,공릉동,서울 노원구 공릉동 751,서울 노원구 섬밭로 52,127.07224546765146,37.62117886866782
공릉대동1차,A13980801,서울특별시,노원구,공릉동,,,,
공릉1동삼익,A13980803,서울특별시,노원구,공릉동,서울 노원구 공릉동 690-2,서울 노원구 섬밭로 17,127.0723240426242,37.61810104676659
공릉현대성우,A13994501,서울특별시,노원구,공릉동,서울 노원구 공릉동 741,서울 노원구 공릉로27길 110,127.07744340856665,37.626491394903155
노원에너지제로주택,A10026660,서울특별시,노원구,하계동,서울 노원구 하계동 251-9,서울 노원구 한글비석로 97,127.072574681981,37.6382325314587
중계한신코아,A13923001,서울특별시,노원구,하계동,서울 노원구 하계동 285,서울 노원구 노원로15길 51-10,127.06990688688013,37.64106863983549
하계우방,A13923102,서울특별시,노원구,하계동,서울 노원구 하계동 353,서울 노원구 공릉로58길 176,127.07731430093482,37.637458277785896
하계청구,A13923103,서울특별시,노원구,하계동,서울 노원구 하계동 251,서울 노원구 한글비석로 91,127.07087522528604,37.639451695920584
하계미성,A13923104,서울특별시,노원구,하계동,서울 노원구 하계동 280,서울 노원구 공릉로59길 28,127.06953949628392,37.63468087429683
하계2차현대아파트,A13923106,서울특별시,노원구,하계동,서울 노원구 하계동 288,서울 노원구 노원로18길 19,127.07203459943796,37.644464970952555
하계청솔,A13923108,서울특별시,노원구,하계동,서울 노원구 하계동 274,서울 노원구 공릉로59길 25,127.07130024002107,37.63248141876827
중계주공9단지,A13977913,서울특별시,노원구,하계동,서울 노원구 하계동 256,서울 노원구 노원로16길 15,127.07357198722013,37.64310804141108
하계1차청구아파트,A13987205,서울특별시,노원구,하계동,서울 노원구 하계동 251,서울 노원구 한글비석로 91,127.07087522528604,37.639451695920584
하계학여울청구B,A13987301,서울특별시,노원구,하계동,서울 노원구 하계동 356,서울 노원구 한글비석로 6,127.064580507036,37.6332132845104
하계시영5단지,A13987302,서울특별시,노원구,하계동,서울 노원구 하계동 272,서울 노원구 섬밭로 201,127.065799481322,37.6331693637063
하계현대우성,A13987303,서울특별시,노원구,하계동,서울 노원구 하계동 270,서울 노원구 섬밭로 232,127.06638280483796,37.6368486609804
하계 6단지 장미아파트,A13987304,서울특별시,노원구,하계동,서울 노원구 하계동 273,서울 노원구 섬밭로 196,127.068732250215,37.6340326378216
하계학여울청구,A13987305,서울특별시,노원구,하계동,서울 노원구 하계동 356,서울 노원구 한글비석로 6,127.064580507036,37.6332132845104
하계극동건영벽산,A13987306,서울특별시,노원구,하계동,서울 노원구 하계동 271-3,서울 노원구 섬밭로 229,127.064161180475,37.6356750054224
하계삼익선경,A13993501,서울특별시,노원구,하계동,서울 노원구 하계동 255-1,서울 노원구 노원로 214,127.07703045060357,37.63906582026493
하계한신동성,A13993502,서울특별시,노원구,하계동,서울 노원구 하계동 256-5,서울 노원구 한글비석로 151,127.07533426678994,37.64010665169757
하계한신,A13993503,서울특별시,노원구,하계동,서울 노원구 하계동 284,서울 노원구 공릉로 351,127.0693041250292,37.637420908596965
하계학여울청구A,A13993901,서울특별시,노원구,하계동,서울 노원구 하계동 354,서울 노원구 동일로207길 186,127.06163253294262,37.63578987754901
노원아이파크,A10020986,서울특별시,노원구,상계동,서울 노원구 상계동 1318,서울 노원구 상계로23다길 13-8,127.06915944285508,37.65978249602079
비콘드림힐3차아파트,A10021185,서울특별시,노원구,상계동,서울 노원구 상계동 1310,서울 노원구 상계로1길 82-14,127.06201918174257,37.65933237149269
노원롯데캐슬시그니처1단지,A10023024,서울특별시,노원구,상계동,,,,
노원롯데캐슬시그니처2단지,A10023060,서울특별시,노원구,상계동,,,,
상록수아파트,A10024434,서울특별시,노원구,상계동,서울 노원구 상계동 1296,서울 노원구 동일로239나길 31,127.05146442375143,37.67701828591636
포레나노원 아파트,A10024547,서울특별시,노원구,상계동,서울 노원구 상계동 680,서울 노원구 노원로38길 76,127.06230072359187,37.6639767814915
상계 대창센시티,A10024770,서울특별시,노원구,상계동,서울 노원구 상계동 1302,서울 노원구 수락산로 246,127.05139706288668,37.67139260007626
상계중앙하이츠아파트,A10024778,서울특별시,노원구,상계동,서울 노원구 상계동 1282,서울 노원구 노원로 428,127.06830730561792,37.65496093751854
노원 센트럴푸르지오,A10025133,서울특별시,노원구,상계동,서울 노원구 상계동 1355,서울 노원구 수락산로 12,127.0747815511486,37.66516332869758
비콘드림힐아파트,A10027533,서울특별시,노원구,상계동,서울 노원구 상계동 1310,서울 노원구 상계로1길 82-14,127.06201918174257,37.65933237149269
중계센트럴파크아파트,A10027601,서울특별시,노원구,상계동,서울 노원구 상계동 1322,서울 노원구 덕릉로70가길 21,127.05899837821839,37.642898191327326
상계우방,A13920001,서울특별시,노원구,상계동,서울 노원구 상계동 1295,서울 노원구 동일로230가길 15,127.05682013436052,37.67197755103685
상계수락현대,A13920102,서울특별시,노원구,상계동,서울 노원구 상계동 1272,서울 노원구 동일로242길 95,127.06036156664086,37.675240040294774
우림루미아트1.2단지,A13920104,서울특별시,노원구,상계동,,,,
상계수락한신,A13920105,서울특별시,노원구,상계동,서울 노원구 상계동 1277,서울 노원구 동일로242길 80,127.06013145601922,37.673835531124546
상계극동늘푸른,A13920106,서울특별시,노원구,상계동,서울 노원구 상계동 1128,서울 노원구 동일로246길 39,127.0572685990088,37.67735437849277
상계코오롱,A13920202,서울특별시,노원구,상계동,서울 노원구 상계동 1281,서울 노원구 노원로26가길 7,127.06982826605362,37.65270038311087
상계한일유엔아이,A13920205,서울특별시,노원구,상계동,,,,
상계1차중앙하이츠,A13920207,서울특별시,노원구,상계동,서울 노원구 상계동 1279,서울 노원구 노원로28길 15,127.06890452064985,37.653730749296706
상계중앙하이츠2차,A13920209,서울특별시,노원구,상계동,서울 노원구 상계동 1282,서울 노원구 노원로 428,127.06830730561792,37.65496093751854
상계금호타운,A13920501,서울특별시,노원구,상계동,,,,
상계벽산,A13920506,서울특별시,노원구,상계동,서울 노원구 상계동 173-1,서울 노원구 한글비석로 399,127.073164181156,37.6616865566083
상계주공5단지,A13920703,서울특별시,노원구,상계동,서울 노원구 상계동 721,서울 노원구 동일로216길 47,127.06408162242663,37.652528854096474
상계주공4단지,A13920706,서울특별시,노원구,상계동,서울 노원구 상계동 749-5,서울 노원구 동일로 1356,127.0650100630064,37.650325443141426
상계주공6단지,A13920707,서울특별시,노원구,상계동,서울 노원구 상계동 728-3,서울 노원구 동일로 1384,127.06560846150458,37.65428493069629
상계주공15단지,A13920802,서울특별시,노원구,상계동,서울 노원구 상계동 624,서울 노원구 동일로227길 26,127.05535065988809,37.66830945930398
상계주공16단지,A13920803,서울특별시,노원구,상계동,서울 노원구 상계동 624,서울 노원구 동일로227길 86,127.05257548624667,37.669207204256615
상계주공10단지,A13920804,서울특별시,노원구,상계동,서울 노원구 상계동 666,서울 노원구 노원로 564,127.05704179469737,37.66391186829532
상계주공9단지,A13921005,서울특별시,노원구,상계동,서울 노원구 상계동 670,서울 노원구 노원로 532,127.06049926572746,37.66333802273279
상계미도,A13971501,서울특별시,노원구,상계동,서울 노원구 상계동 767-5,서울 노원구 덕릉로 459-37,127.059651928205,37.6468675974555
상계주공3단지,A13971502,서울특별시,노원구,상계동,서울 노원구 상계동 730-2,서울 노원구 동일로 1383,127.05808078795383,37.65186973889263
노원우성,A13973201,서울특별시,노원구,상계동,서울 노원구 상계동 1251,서울 노원구 상계로7길 18,127.06520934767609,37.65792511963486
비콘드림힐,A13973202,서울특별시,노원구,상계동,서울 노원구 상계동 1310,서울 노원구 상계로1길 82-14,127.06201918174257,37.65933237149269
수락리버시티 4단지,A13974101,서울특별시,노원구,상계동,서울 노원구 상계동 1313,서울 노원구 누원로 18,127.05344333463329,37.6860596234662
수락리버시티3단지,A13974102,서울특별시,노원구,상계동,서울 노원구 상계동 1312,서울 노원구 누원로 28,127.05355318961782,37.687475910171976
상계은빛3단지,A13974103,서울특별시,노원구,상계동,서울 노원구 상계동 1264,서울 노원구 동일로250길 17,127.056928266739,37.6829514213413
불암산센트럴아파트,A13980903,서울특별시,노원구,상계동,,,,
상계불암대림제2,A13981001,서울특별시,노원구,상계동,,,,
상계불암대림,A13981006,서울특별시,노원구,상계동,서울 노원구 상계동 1289,서울 노원구 덕릉로94길 21,127.077395648688,37.6634461750392
상계불암현대(임대),A13981204,서울특별시,노원구,상계동,,,,
상계불암현대,A13981208,서울특별시,노원구,상계동,서울 노원구 상계동 1293,서울 노원구 덕릉로118길 29,127.080886404327,37.6675991553491
상계한신1차,A13981304,서울특별시,노원구,상계동,서울 노원구 상계동 135,서울 노원구 한글비석로46가길 16,127.0686665870375,37.666082443296055
상계청암1단지,A13981402,서울특별시,노원구,상계동,서울 노원구 상계동 1275,서울 노원구 덕릉로112길 24,127.07961515358524,37.66590978106354
청암2단지,A13981405,서울특별시,노원구,상계동,서울 노원구 상계동 1276,서울 노원구 덕릉로94가길 20,127.07857400798021,37.66311743893213
상계조합대림,A13981407,서울특별시,노원구,상계동,,,,
노원현대아파트,A13981604,서울특별시,노원구,상계동,서울 노원구 상계동 359,서울 노원구 상계로3길 50,127.0629387554783,37.65853541663962
상계대동아파트,A13981606,서울특별시,노원구,상계동,서울 노원구 상계동 1284,서울 노원구 상계로26길 20,127.07133316571,37.6574386491937
상계동양메이저,A13981608,서울특별시,노원구,상계동,서울 노원구 상계동 1305,서울 노원구 상계로5길 12,127.064224841571,37.6569814307411
상계주공13단지,A13981901,서울특별시,노원구,상계동,서울 노원구 상계동 637,서울 노원구 한글비석로54길 92,127.06324090878769,37.667372077174115
상계주공14단지,A13981903,서울특별시,노원구,상계동,서울 노원구 상계동 626,서울 노원구 동일로228길 23,127.0585604645456,37.669609825692255
상계한신3차,A13982002,서울특별시,노원구,상계동,서울 노원구 상계동 458,서울 노원구 한글비석로46가길 34,127.067537899562,37.666292122443764
상계신동아,A13982003,서울특별시,노원구,상계동,서울 노원구 상계동 463,서울 노원구 한글비석로52길 66,127.06752077049435,37.66740214014491
상계한신2차,A13982005,서울특별시,노원구,상계동,서울 노원구 상계동 455,서울 노원구 한글비석로 460,127.066976329481,37.6644409273835
상계성원,A13982101,서울특별시,노원구,상계동,서울 노원구 상계동 1283,서울 노원구 노원로34길 34,127.065850679445,37.6603682255205
상계양우아파트,A13982103,서울특별시,노원구,상계동,서울 노원구 상계동 1299,서울 노원구 노원로30길 81,127.071023835858,37.6563072025207
상계주공12단지,A13982202,서울특별시,노원구,상계동,서울 노원구 상계동 647,서울 노원구 한글비석로 530,127.05931827912221,37.66616680124523
상계주공11단지,A13982301,서울특별시,노원구,상계동,서울 노원구 상계동 652,서울 노원구 동일로227길 25,127.05582258267874,37.6658297387023
상계보람,A13982604,서울특별시,노원구,상계동,서울 노원구 상계동 456-76,서울 노원구 노원로34길 80,127.066118988256,37.6625980040512
상계임광아파트,A13982701,서울특별시,노원구,상계동,서울 노원구 상계동 694,서울 노원구 노원로 569,127.0569702238829,37.66072603345497
상계마들대림,A13982702,서울특별시,노원구,상계동,서울 노원구 상계동 695,서울 노원구 동일로221길 22,127.057927173072,37.6598065662873
상계주공7단지,A13982704,서울특별시,노원구,상계동,서울 노원구 상계동 692,서울 노원구 동일로 1456,127.06051677702627,37.65838261614832
상계주공2단지,A13983004,서울특별시,노원구,상계동,서울 노원구 상계동 746-5,서울 노원구 동일로 1355,127.05894713081827,37.64973848455051
상계마들,A13983101,서울특별시,노원구,상계동,서울 노원구 상계동 771-3,서울 노원구 덕릉로70가길 101,127.05710757948431,37.64177919832147
상계주공1단지,A13983105,서울특별시,노원구,상계동,서울 노원구 상계동 765,서울 노원구 동일로213길 21,127.06079494604792,37.64789053116172
상계한신,A13983608,서울특별시,노원구,상계동,서울 노원구 상계동 995,서울 노원구 동일로230길 63,127.059496820993,37.674012444929
상계현대1차,A13983707,서울특별시,노원구,상계동,서울 노원구 상계동 1055,서울 노원구 동일로237길 41,127.05276284827339,37.67289122721072
상계현대2차,A13983709,서울특별시,노원구,상계동,서울 노원구 상계동 1078,서울 노원구 동일로231길 86,127.0504092554566,37.672275986533045
상계3차현대아파트,A13983712,서울특별시,노원구,상계동,서울 노원구 상계동 1063,서울 노원구 수락산로 234,127.05296598943873,37.67163697246641
두산아파트,A13983713,서울특별시,노원구,상계동,서울 노원구 상계동 1110,서울 노원구 동일로241길 53,127.05314691449537,37.67738513915035
대망드림힐,A13983801,서울특별시,노원구,상계동,서울 노원구 상계동 1304,서울 노원구 동일로242라길 27,127.05836061004631,37.67638078593786
상계대림e-편한세상,A13983803,서울특별시,노원구,상계동,서울 노원구 상계동 1301,서울 노원구 동일로239길 68,127.05092787021412,37.6748165258683
상계수락파크빌,A13983810,서울특별시,노원구,상계동,서울 노원구 상계동 1269,서울 노원구 동일로248길 16,127.05702069207817,37.6792898009038
수락산벨리체아파트,A13983811,서울특별시,노원구,상계동,서울 노원구 상계동 1265,서울 노원구 동일로250길 18,127.0565916772201,37.681603720069226
상계은빛2단지,A13983815,서울특별시,노원구,상계동,서울 노원구 상계동 1256,서울 노원구 동일로245가길 41,127.05350697724647,37.67996177538103
상계은빛1단지,A13983816,서울특별시,노원구,상계동,서울 노원구 상계동 1255,서울 노원구 동일로245길 162,127.05375719325038,37.6810968943773
상계동아불암,A13989701,서울특별시,노원구,상계동,서울 노원구 상계동 1285,서울 노원구 덕릉로 780,127.07952062789879,37.66654773899791
상계동아불암임대,A13989702,서울특별시,노원구,상계동,,,,
상계한양,A13994302,서울특별시,노원구,상계동,서울 노원구 상계동 757,서울 노원구 동일로216길 92,127.066894637049,37.6517110021778
대호프라자,A10022333,서울특별시,노원구,중계동,서울 노원구 중계동 591,서울 노원구 한글비석로 384,127.07345011791436,37.659724942520356
비콘드림힐아파트,A10023027,서울특별시,노원구,중계동,서울 노원구 중계동 602,서울 노원구 덕릉로82길 13,127.07597040227694,37.65840971515097
중계청암3단지,A13922001,서울특별시,노원구,중계동,서울 노원구 중계동 582,서울 노원구 덕릉로86길 70,127.07926522091695,37.66085371189999
중계진로유통조합아파트(중계진로대림아파트),A13922002,서울특별시,노원구,중계동,서울 노원구 중계동 78,서울 노원구 중계로14가길 5,127.08194917938262,37.64868861803033
중계한화꿈에그린더퍼스트,A13922003,서울특별시,노원구,중계동,서울 노원구 중계동 606,서울 노원구 덕릉로83길 9-7,127.07452376800867,37.65899267209259
중계신안,A13922102,서울특별시,노원구,중계동,서울 노원구 중계동 590,서울 노원구 덕릉로 595,127.07193935058686,37.65144134280255
중계3벽산,A13922103,서울특별시,노원구,중계동,,,,
중계양지대림2-2임대,A13922105,서울특별시,노원구,중계동,,,,
중계양지대림1차,A13922108,서울특별시,노원구,중계동,서울 노원구 중계동 587,서울 노원구 덕릉로71길 30,127.07052488671098,37.65118271383695
중계양지대림2차,A13922110,서울특별시,노원구,중계동,서울 노원구 중계동 588-1,서울 노원구 덕릉로77길 27,127.072742804419,37.6549501769403
중계주공8단지,A13922111,서울특별시,노원구,중계동,서울 노원구 중계동 362-1,서울 노원구 한글비석로5길 62,127.07532920499877,37.64631443478275
중계주공5단지,A13922114,서울특별시,노원구,중계동,서울 노원구 중계동 359-1,서울 노원구 중계로 230,127.0759250478545,37.652822754280386
중계주공4단지,A13922406,서울특별시,노원구,중계동,서울 노원구 중계동 358-2,서울 노원구 덕릉로76길 29,127.07691110400381,37.65517908536164
중계현대1차,A13922901,서울특별시,노원구,중계동,서울 노원구 중계동 577,서울 노원구 중계로8길 106,127.0849905465908,37.6486900700793
중계대림벽산,A13922903,서울특별시,노원구,중계동,서울 노원구 중계동 363,서울 노원구 한글비석로8길 20,127.07791270109803,37.64740294684624
중계금호,A13922904,서울특별시,노원구,중계동,서울 노원구 중계동 583,서울 노원구 중계로12길 24,127.08127654659688,37.64702767020734
중계한화꿈에그린,A13922905,서울특별시,노원구,중계동,서울 노원구 중계동 606,서울 노원구 덕릉로83길 9-7,127.07452376800867,37.65899267209259
동진신안,A13922907,서울특별시,노원구,중계동,서울 노원구 중계동 364,서울 노원구 중계로 195,127.07846927392218,37.64975414404506
중계삼성,A13922908,서울특별시,노원구,중계동,서울 노원구 중계동 509-2,서울 노원구 동일로204가길 12,127.068668503153,37.6398584439906
중계주공6단지,A13922909,서울특별시,노원구,중계동,서울 노원구 중계동 364-12,서울 노원구 한글비석로8길 41,127.07841839166568,37.64878111616364
중계주공7단지,A13922910,서울특별시,노원구,중계동,서울 노원구 중계동 363-1,서울 노원구 한글비석로8길 42,127.07966758849484,37.647097242443294
중계건영2차,A13972601,서울특별시,노원구,중계동,서울 노원구 중계동 515-2,서울 노원구 덕릉로 517,127.06609949338822,37.6470002096586
중계중앙하이츠아쿠아,A13972602,서울특별시,노원구,중계동,서울 노원구 중계동 514,서울 노원구 공릉로 430,127.06778149693005,37.645003576533256
중계4단지목화,A13972603,서울특별시,노원구,중계동,서울 노원구 중계동 511-2,서울 노원구 노원로19길 31,127.0691896194771,37.64344856190443
중계현대그린,A13985402,서울특별시,노원구,중계동,서울 노원구 중계동 49,서울 노원구 중계로8길 39,127.0841001325462,37.64689234560561
중계현대6차,A13985406,서울특별시,노원구,중계동,서울 노원구 중계동 34-5,서울 노원구 중계로8길 20,127.08353421603405,37.64544306519721
중계중앙하이츠,A13985605,서울특별시,노원구,중계동,서울 노원구 중계동 514,서울 노원구 공릉로 430,127.06778149693005,37.645003576533256
중계현대2차(4동),A13985904,서울특별시,노원구,중계동,,,,
중계염광아파트,A13985907,서울특별시,노원구,중계동,서울 노원구 중계동 445,서울 노원구 덕릉로79길 23,127.07294572447526,37.656179892249995
중계주공3단지,A13985908,서울특별시,노원구,중계동,서울 노원구 중계동 358,서울 노원구 덕릉로 662,127.0762136971047,37.65694546279682
중계주공2단지,A13985909,서울특별시,노원구,중계동,서울 노원구 중계동 369,서울 노원구 한글비석로14길 8,127.07898449211748,37.65689318511727
중계주공10단지,A13986004,서울특별시,노원구,중계동,서울 노원구 중계동 360-16,서울 노원구 노원로22길 53,127.07328229143158,37.64809606724297
롯데우성,A13986009,서울특별시,노원구,중계동,서울 노원구 중계동 361-1,서울 노원구 노원로22길 34,127.07343515260033,37.646830991534934
중계청구3차,A13986012,서울특별시,노원구,중계동,서울 노원구 중계동 360-2,서울 노원구 중계로 233,127.07570563694838,37.6498992062225
중계건영3차,A13986013,서울특별시,노원구,중계동,서울 노원구 중계동 360-15,서울 노원구 노원로22길 71,127.074026348271,37.6488199932105
중계라이프신동아청구아파트,A13986111,서울특별시,노원구,중계동,서울 노원구 중계동 366,서울 노원구 중계로 184,127.079523177081,37.6519374206869
중계우성3차,A13986201,서울특별시,노원구,중계동,서울 노원구 중계동 585,서울 노원구 덕릉로 613,127.07302816732923,37.65241733903892
중계양지대림1-2임대,A13986207,서울특별시,노원구,중계동,,,,
중계경남롯데상아,A13986302,서울특별시,노원구,중계동,서울 노원구 중계동 505,서울 노원구 섬밭로 265,127.06248702118945,37.638786104146604
중계그린,A13986306,서울특별시,노원구,중계동,서울 노원구 중계동 502-1,서울 노원구 동일로207길 18,127.0637450625818,37.641924461169296
중계무지개아파트,A13986504,서울특별시,노원구,중계동,서울 노원구 중계동 513,서울 노원구 동일로208길 19,127.066582911007,37.6427157598219
중계시영3단지목련,A13986505,서울특별시,노원구,중계동,서울 노원구 중계동 358,서울 노원구 덕릉로 662,127.0762136971047,37.65694546279682
중계주공1단지,A13986509,서울특별시,노원구,중계동,서울 노원구 중계동 515-3,서울 노원구 동일로210길 22,127.065889395968,37.6477508463779
중계성원1차,A13986606,서울특별시,노원구,중계동,서울 노원구 중계동 580,서울 노원구 덕릉로71길 5,127.07061486235,37.6504654776469
중계성원2차,A13986701,서울특별시,노원구,중계동,서울 노원구 중계동 581,서울 노원구 덕릉로89길 8,127.07528990046005,37.66125635190855
삼창타워프라자,A13986702,서울특별시,노원구,중계동,서울 노원구 중계동 584-1,서울 노원구 한글비석로 383,127.07271281108751,37.65905597002115
중계경남아너스빌,A13986703,서울특별시,노원구,중계동,서울 노원구 중계동 597,서울 노원구 덕릉로94길 10,127.076546551812,37.6621457125308
중계현대3차,A13993001,서울특별시,노원구,중계동,서울 노원구 중계동 576,서울 노원구 중계로 172-13,127.08152392258776,37.650462948204265
중계현대2차,A13993002,서울특별시,노원구,중계동,서울 노원구 중계동 435-1,서울 노원구 한글비석로15길 51,127.07399257045547,37.65589092600709
